image_path,brightness,contrast,edge_density,darkness,damage_proxy,cluster,person_count,total_objects
output_photos/images\img_0000.jpg,118.66186044644292,73.80051528203013,0.15493817247470693,136.33813955355708,0.4548933988309435,2,0,0
output_photos/images\img_0001.jpg,111.07070356472795,58.102473331152645,0.2712687617260788,143.92929643527205,0.46702579242878983,0,0,1
output_photos/images\img_0002.jpg,148.46049625442598,68.53737196725332,0.1707945350117874,106.53950374557402,0.4171150608470952,0,0,0
output_photos/images\img_0003.jpg,70.29826617938876,66.52533343273265,0.12248986753089541,184.70173382061125,0.4593097218373605,2,0,1
output_photos/images\img_0004.jpg,119.6736561913696,46.3667742708631,0.09195356472795498,135.32634380863038,0.329590606408088,1,0,1
output_photos/images\img_0005.jpg,105.20901234284138,65.42465816535356,0.14769270845304586,149.7909876571586,0.4355098179883784,2,0,0
output_photos/images\img_0006.jpg,89.47118996852473,45.77311905659922,0.09087893864013268,165.52881003147527,0.3553124683016995,1,0,0
output_photos/images\img_0007.jpg,123.95726572261557,56.4314852254166,0.045802964042759964,131.04273427738443,0.3365751041739357,1,0,0
output_photos/images\img_0008.jpg,87.4340910658055,70.98797918375588,0.12946192566713402,167.5659089341945,0.46186317386355935,2,0,0
output_photos/images\img_0009.jpg,108.6047015625,73.38142474058274,0.0941640625,146.3952984375,0.43250095106166697,2,0,0
output_photos/images\img_0010.jpg,146.57107462478672,73.48635816915585,0.10488909008601177,108.42892537521328,0.4026831521214367,3,1,3
output_photos/images\img_0011.jpg,116.70073913043478,68.42007765371464,0.17091304347826086,138.29926086956522,0.4465035589872409,2,0,4
output_photos/images\img_0012.jpg,140.95520588378957,65.33752555055477,0.020116670969722767,114.04479411621043,0.33796936999132093,3,0,0
output_photos/images\img_0013.jpg,117.58336408225712,62.59692997894591,0.1633217837375692,137.4166359177429,0.422170405324954,0,0,0
output_photos/images\img_0014.jpg,141.45565175410363,71.57851298288972,0.16135178628902477,113.54434824589637,0.4292443255723126,2,0,0
output_photos/images\img_0015.jpg,126.099834375,62.16443485806469,0.2030875,128.900165625,0.43261807411993536,0,0,1
output_photos/images\img_0016.jpg,123.36361815968218,57.13715428418361,0.2375715536759366,131.63638184031782,0.43540373377597336,0,0,5
output_photos/images\img_0017.jpg,111.0572473447055,61.18774729003089,0.16762632764724814,143.9427526552945,0.42566085179830826,0,0,0
output_photos/images\img_0018.jpg,92.61983400286084,58.49614072526862,0.16867810430924463,162.38016599713916,0.4343325537973713,0,0,0
output_photos/images\img_0019.jpg,102.31781475777844,48.79928272643823,0.10908972502509175,152.68218524222158,0.3626373559059053,1,0,0
output_photos/images\img_0020.jpg,109.14711007841998,50.16580238236257,0.17311249369429965,145.85288992158002,0.3928823838747382,0,0,0
output_photos/images\img_0021.jpg,120.96654040703419,51.144913147628664,0.18852143845089903,134.0334595929658,0.39283848372018415,0,0,1
output_photos/images\img_0022.jpg,89.60733330002664,55.25335359848533,0.0995287103650413,165.39266669997335,0.3916006118808181,1,0,1
output_photos/images\img_0023.jpg,120.53619724029083,73.2005900140675,0.14404195493445499,134.46380275970915,0.44566020802473105,2,0,0
output_photos/images\img_0024.jpg,101.77425074304705,68.7779946859491,0.14388131804126802,153.22574925695295,0.44817004417503004,2,0,1
output_photos/images\img_0025.jpg,99.90363619647412,61.288652966259775,0.13369496096413605,155.0963638035259,0.4194762179250032,0,2,2
output_photos/images\img_0026.jpg,71.64318768627271,62.41964187435429,0.14047164824051303,183.3568123137273,0.45314399646177767,2,0,2
output_photos/images\img_0027.jpg,68.35335310026738,61.02104909227106,0.11614606078715302,186.64664689973262,0.43932615034167255,2,0,0
output_photos/images\img_0028.jpg,92.78680371352785,68.87041005481856,0.09000618921308577,162.21319628647217,0.4299573175706901,2,0,0
output_photos/images\img_0029.jpg,80.23399299729546,70.30002946555028,0.15153117122915086,174.76600700270455,0.4773081802047311,2,0,2
output_photos/images\img_0030.jpg,88.33281617517487,74.19247476283982,0.12641643873399683,166.66718382482514,0.47034649571137044,2,0,0
output_photos/images\img_0031.jpg,129.6067589118199,61.120259576324905,0.14175891181988742,125.3932410881801,0.3951368488453598,0,0,0
output_photos/images\img_0032.jpg,60.24298771845144,66.75338212907471,0.14816389699741803,194.75701228154855,0.48233015624838294,2,0,1
output_photos/images\img_0033.jpg,71.68137311237273,73.09942866832338,0.15315160012565027,183.31862688762726,0.4955994119118806,2,0,1
output_photos/images\img_0034.jpg,91.1755081557757,73.78639492768218,0.10229005294167222,163.8244918442243,0.45424803476772513,2,0,0
output_photos/images\img_0035.jpg,80.86008057715732,69.5410605431389,0.06948093319591493,174.1399194228427,0.4331279428650918,2,0,0
output_photos/images\img_0036.jpg,137.84527303200693,62.34781400071952,0.09312716262975779,117.15472696799307,0.36726522801088607,3,0,0
output_photos/images\img_0037.jpg,108.65196654014545,67.46636825306702,0.18994565959422188,146.34803345985455,0.4603249882836552,2,0,1
output_photos/images\img_0038.jpg,91.81812142790218,64.28587171150814,0.09783378618945002,163.18187857209782,0.41925907089192493,2,0,0
output_photos/images\img_0039.jpg,66.64069000390742,69.64728081712985,0.13905808260739652,188.35930999609258,0.4815850448424428,2,0,1
output_photos/images\img_0040.jpg,144.49163958748622,72.10024044791034,0.15790120422708281,110.50836041251378,0.4264434832776994,2,0,0
output_photos/images\img_0041.jpg,103.23096948017076,74.76452024597833,0.2091149886677043,151.76903051982924,0.49968787562864175,2,0,1
output_photos/images\img_0042.jpg,106.73551738010943,73.14739186366009,0.16254666881235919,148.26448261989057,0.4676495572809932,2,0,0
output_photos/images\img_0043.jpg,132.73050852912777,83.08819381882626,0.15289185709687803,122.26949147087223,0.47214124179874817,2,0,0
output_photos/images\img_0044.jpg,121.08824831026713,71.81941578962606,0.12929031219826198,133.91175168973285,0.43309239365840324,2,0,0
output_photos/images\img_0045.jpg,133.01525587383327,71.69314504179442,0.15693353717412295,121.98474412616673,0.4353232172351768,2,0,0
output_photos/images\img_0046.jpg,134.43474477747503,64.96280568153058,0.15206115652437177,120.56525522252497,0.40877616026816804,0,0,0
output_photos/images\img_0047.jpg,122.94840070546738,83.3089545204934,0.11917037037037037,132.05159929453262,0.4651835677453062,2,0,1
output_photos/images\img_0048.jpg,120.44019118217922,59.674496748401,0.1779968795723969,134.5598088178208,0.4169415748820796,0,5,5
output_photos/images\img_0049.jpg,91.20247457627119,57.50219832280822,0.2402884679295447,163.7975254237288,0.4680998417563479,0,0,0
output_photos/images\img_0050.jpg,120.26271483746379,80.26156745739424,0.14025506919858385,134.7372851625362,0.4679242133163568,2,0,0
output_photos/images\img_0051.jpg,143.09831302929334,59.0551039256301,0.16428658197973067,111.90168697070666,0.38678237726575326,0,0,0
output_photos/images\img_0052.jpg,99.3455081662153,56.65260315599499,0.1474280160167478,155.6544918337847,0.4111720656361284,0,0,0
output_photos/images\img_0053.jpg,121.41381473634651,51.11565130610041,0.23541137005649718,133.58618526365348,0.4157657610581703,0,0,1
output_photos/images\img_0054.jpg,107.76888249333146,58.912193238438604,0.13613177968084608,147.23111750666854,0.4052886275367419,0,0,0
output_photos/images\img_0055.jpg,98.82647299115725,63.76846848373743,0.1978445790080738,156.17352700884277,0.46095342215390867,0,0,0
output_photos/images\img_0056.jpg,133.23162565679866,62.97964954874637,0.1759539600153787,121.76837434320134,0.41513564704380096,0,0,3
output_photos/images\img_0057.jpg,102.94552929828792,68.58578252738292,0.1991102001446829,152.0544707017121,0.4740375597253744,2,3,3
output_photos/images\img_0058.jpg,130.08048371842017,60.503942697593594,0.032179795801827345,124.91951628157983,0.33781765853560586,3,0,0
output_photos/images\img_0059.jpg,143.09409659863945,57.32037356910921,0.22589795918367347,111.90590340136055,0.4117199335500682,0,0,0
output_photos/images\img_0060.jpg,154.03759253299003,73.68516615109995,0.17044254908271644,100.96240746700997,0.42914438675219874,2,0,0
output_photos/images\img_0061.jpg,110.8276101893749,49.68738929688451,0.14604072398190046,144.1723898106251,0.37615416284733594,1,0,0
output_photos/images\img_0062.jpg,122.33335130350821,82.99687958360968,0.11072256195687158,132.6666486964918,0.4604789567531953,2,0,0
output_photos/images\img_0063.jpg,127.52817718111885,61.07028804160565,0.15493960489806768,127.47182281888115,0.4035035383693989,0,0,0
output_photos/images\img_0064.jpg,128.7989336966394,68.21807193562962,0.15612291855888585,126.20106630336059,0.42710111754816343,2,0,0
output_photos/images\img_0065.jpg,130.98281917035843,70.63582796951066,0.14936528393072895,124.01718082964157,0.4298623688406116,2,0,0
output_photos/images\img_0066.jpg,119.2208024691358,69.43450234145432,0.19247283950617283,135.7791975308642,0.45835858210832625,2,0,0
output_photos/images\img_0067.jpg,124.91271133333333,56.71530289103643,0.146985,130.08728866666667,0.3872325760255742,0,4,5
output_photos/images\img_0068.jpg,158.02563972146532,53.00765433112411,0.09949803209203754,96.97436027853468,0.3199458478546531,3,0,1
output_photos/images\img_0069.jpg,98.88626729964597,83.85709156043907,0.12276472481493401,156.11373270035403,0.4913577096861049,2,0,0
output_photos/images\img_0070.jpg,98.1525177019633,77.07273989427257,0.06847199871258448,156.8474822980367,0.4419330216765048,2,1,1
output_photos/images\img_0071.jpg,113.41956952043772,73.07891667670344,0.1086562600579337,141.58043047956227,0.43421646906908096,2,0,0
output_photos/images\img_0072.jpg,113.38901995494045,73.06833375425606,0.10868200836820084,141.61098004505953,0.43422211351006634,2,0,0
output_photos/images\img_0073.jpg,150.75859375,77.34013366361475,0.0944875,104.24140625000001,0.40660801753932674,3,9,10
output_photos/images\img_0074.jpg,122.15726111111111,52.465612975251304,0.040881481481481484,132.8427388888889,0.3223746038883756,1,0,2
output_photos/images\img_0075.jpg,158.99465931424413,50.6738210412005,0.19579867723722683,96.00534068575587,0.35928914599074624,0,0,7
output_photos/images\img_0076.jpg,119.7286495279301,56.67134951483402,0.09615468464389328,135.2713504720699,0.3665207794457752,1,1,1
output_photos/images\img_0078.jpg,120.37432457786116,56.37651408019665,0.0976219512195122,134.62567542213884,0.3656520573387054,1,0,0
output_photos/images\img_0079.jpg,118.99607281763181,55.462389493808246,0.1023330812445981,136.0039271823682,0.36620330883443863,1,0,0
output_photos/images\img_0080.jpg,132.02153142589117,70.13856526899055,0.17080909943714823,122.97846857410883,0.4379288306252468,2,0,0
output_photos/images\img_0081.jpg,157.82696701649175,69.42893102219685,0.22051424287856072,97.17303298350825,0.43622608365736204,0,0,0
output_photos/images\img_0082.jpg,131.5676744684543,73.3761159741671,0.14291765762639203,123.4323255315457,0.43536704771944407,2,0,0
output_photos/images\img_0083.jpg,125.61712123222652,70.49436838897368,0.13603793036572792,129.3828787677735,0.42774200030536835,2,0,0
output_photos/images\img_0085.jpg,122.725235793518,63.621250089301434,0.14560977876928796,132.27476420648202,0.4119690812818213,0,4,4
output_photos/images\img_0087.jpg,161.57335155490767,66.94476121156951,0.15185686519505762,93.42664844509233,0.38998194025140565,3,0,1
output_photos/images\img_0089.jpg,80.5436675925926,44.08815158075947,0.04445,174.4563324074074,0.3347502910493406,1,4,5
output_photos/images\img_0091.jpg,130.88391017631542,81.77641261754864,0.09272455921143968,124.11608982368458,0.43934556783846346,2,0,4
output_photos/images\img_0092.jpg,139.97031425891183,62.958601571309835,0.11045497185741088,115.02968574108817,0.3760076724140255,3,0,0
output_photos/images\img_0093.jpg,134.79147621285261,58.55918403799109,0.19167129451635412,120.20852378714739,0.40657101787390854,0,1,1
output_photos/images\img_0095.jpg,122.961633952006,62.714138550922826,0.12472215973003374,132.038366047994,0.3982334281859493,0,1,1
output_photos/images\img_0097.jpg,133.86845016479492,64.05137563009694,0.16857782999674478,121.13154983520508,0.41447933426245703,0,3,7
output_photos/images\img_0098.jpg,146.4055263888889,66.42386935861337,0.10884097222222222,108.59447361111111,0.380907450015308,3,3,3
output_photos/images\img_0100.jpg,130.1115515542417,63.618347262422645,0.1635593030547344,124.88844844575831,0.41402062261996575,0,2,2
output_photos/images\img_0102.jpg,161.7171626984127,68.86940112844738,0.08538888888888889,93.2828373015873,0.3631282731560876,3,1,1
output_photos/images\img_0104.jpg,111.38982936507936,65.911541710729,0.19885317460317462,143.61017063492062,0.4569530764882397,0,0,0
output_photos/images\img_0105.jpg,94.42528518518519,49.37161240554746,0.09029259259259259,160.5747148148148,0.3625633284516159,1,1,1
output_photos/images\img_0106.jpg,117.624648,47.648587665772034,0.15556366666666666,137.37535200000002,0.3676524249930154,1,10,11
output_photos/images\img_0107.jpg,136.1885052223504,51.818859396215316,0.16072744457260027,118.81149477764961,0.36697544784921254,0,0,0
output_photos/images\img_0108.jpg,131.74367216117216,62.84197272496927,0.18086996336996336,123.25632783882784,0.4185202961790891,0,0,0
output_photos/images\img_0112.jpg,104.079219,66.21530861779652,0.06784,150.920781,0.399317279536351,1,0,0
output_photos/images\img_0115.jpg,118.37402937147353,59.28431780603285,0.1168272230360243,136.6259706285265,0.38696985956851465,1,0,1
output_photos/images\img_0116.jpg,91.18176779935276,51.105457296489384,0.11570266990291263,163.81823220064723,0.3841732944156706,1,0,0
output_photos/images\img_0118.jpg,142.05734388155756,81.31642097575171,0.0997140642063406,112.94265611844244,0.430825208067947,2,0,0
output_photos/images\img_0120.jpg,87.48397185465238,65.80594454220238,0.08163621088006721,167.5160281453476,0.42036239274774134,2,0,0
output_photos/images\img_0121.jpg,105.84600230685217,66.71432249635068,0.13812022170278354,149.15399769314783,0.43449289503024957,2,0,1
output_photos/images\img_0122.jpg,102.3837906894784,74.8776117568965,0.16467624631551966,152.61620931052158,0.4786442570653939,2,0,0
output_photos/images\img_0124.jpg,161.61038888888888,63.6420298058738,0.1810462962962963,93.38961111111112,0.39336221256956644,0,0,1
output_photos/images\img_0125.jpg,132.817161668589,62.9889837596906,0.1723215429962835,122.182838331411,0.4137389621747979,0,0,2
output_photos/images\img_0126.jpg,138.24941432535266,75.26195802682423,0.12173475999800622,116.75058567464734,0.42490526178197396,2,0,0
output_photos/images\img_0127.jpg,209.8850495922941,70.73558710601561,0.11140980401506843,45.11495040770589,0.3373719295668295,3,0,0
output_photos/images\img_0128.jpg,128.68449064449064,55.37522571513145,0.19082593082593083,126.31550935550936,0.4010865825126368,0,1,2
output_photos/images\img_0129.jpg,146.84983333333332,63.85174362738997,0.21868253968253967,108.15016666666668,0.42670570418018117,0,0,0
output_photos/images\img_0133.jpg,103.9551289868668,57.11983828012407,0.16328564727954972,151.04487101313322,0.4163679943717727,0,0,0
output_photos/images\img_0137.jpg,111.87002601908065,58.95343743889994,0.15901452732003468,143.12997398091935,0.4130310523225489,0,0,0
output_photos/images\img_0140.jpg,100.57392903121982,69.82448283504834,0.09901029932410686,154.42607096878018,0.43040037630540884,2,0,0
output_photos/images\img_0141.jpg,100.89688398062238,63.221335846073394,0.18170484714125407,154.10311601937764,0.44909365751919966,0,6,7
output_photos/images\img_0142.jpg,131.88446214463977,63.01989711019259,0.1519741482204861,123.11553785536023,0.40454288867100147,0,3,3
output_photos/images\img_0143.jpg,109.87248773448773,62.88429139505754,0.16740259740259741,145.12751226551228,0.4324007080567537,0,0,0
output_photos/images\img_0144.jpg,118.1010293672419,66.04807266426698,0.09640569179533758,136.8989706327581,0.3999099893131911,2,0,0
output_photos/images\img_0147.jpg,119.172168707483,74.03854398913718,0.015050340136054422,135.827831292517,0.3852775771702791,3,3,3
output_photos/images\img_0148.jpg,109.57189583333333,61.093977316282846,0.14794166666666667,145.42810416666669,0.41689135848376246,0,2,3
output_photos/images\img_0149.jpg,109.66458911564627,63.46250320578365,0.025885714285714286,145.33541088435373,0.3637941065532762,1,2,3
output_photos/images\img_0150.jpg,97.25260816326531,53.19623190072376,0.01630204081632653,157.7473918367347,0.3358681270337379,1,1,1
output_photos/images\img_0151.jpg,107.37748979591836,55.816357617139914,0.08398367346938776,147.62251020408164,0.3691014744917227,1,1,1
output_photos/images\img_0152.jpg,126.1091859861828,59.38555295491948,0.24826829778906456,128.8908140138172,0.4457931784378123,0,6,9
output_photos/images\img_0153.jpg,146.59049668525728,55.5317797188709,0.10066926233820898,108.40950331474272,0.33977864060095214,3,3,3
output_photos/images\img_0154.jpg,120.97303004651248,70.94650127294389,0.25026624068157616,134.02696995348754,0.4907333751687676,0,5,5
output_photos/images\img_0155.jpg,124.03316403156659,64.8878793500624,0.25315165251267485,130.96683596843343,0.4688033842941975,0,12,12
output_photos/images\img_0156.jpg,113.55395029875068,61.92433565920616,0.15689978272677893,141.4460497012493,0.4204540905572781,0,0,0
output_photos/images\img_0157.jpg,124.85389326453014,58.55339384408031,0.03344378055404671,130.14610673546986,0.33673897383588014,3,0,0
output_photos/images\img_0158.jpg,120.51014711033275,66.64170190607439,0.02785814360770578,134.48985288966725,0.3653907858537251,3,5,6
output_photos/images\img_0159.jpg,163.9398585266768,47.94554933412173,0.04478457471240903,91.0601414733232,0.26991829433230974,3,1,1
output_photos/images\img_0160.jpg,113.98550847457628,57.85044270580356,0.1124741054613936,141.01449152542372,0.38404715851188453,1,9,9
output_photos/images\img_0161.jpg,127.1134274952919,49.531607083810705,0.13774482109227873,127.8865725047081,0.3562357961430766,1,8,8
output_photos/images\img_0162.jpg,91.2478564648001,67.71678063299451,0.07907093060049608,163.7521435351999,0.42202505529249146,2,13,15
output_photos/images\img_0163.jpg,126.44051137570656,83.36308174550776,0.16242542764715417,128.55948862429344,0.4837257950328972,2,0,1
output_photos/images\img_0164.jpg,141.2314137523084,70.743965029035,0.017676824350512408,113.76858624769159,0.3547917726219181,3,6,6
output_photos/images\img_0165.jpg,113.07963554608922,64.35475779141677,0.11067420332596052,141.9203644539108,0.4060122488982101,2,7,7
output_photos/images\img_0166.jpg,88.65655744741737,68.00196748874038,0.07108795965087995,166.34344255258264,0.42142431686406456,2,8,9
output_photos/images\img_0167.jpg,135.7090694774401,75.35006721982204,0.09530961288149786,119.2909305225599,0.4143686337593473,2,4,6
output_photos/images\img_0168.jpg,138.22498475373874,66.11040728926443,0.1354550667649709,116.77501524626126,0.40081019415585356,0,4,4
output_photos/images\img_0169.jpg,112.87028381314504,64.24579445378671,0.18152906029331886,142.12971618685498,0.44126678308871525,0,0,0
output_photos/images\img_0170.jpg,94.92180952380953,66.55439177455327,0.053450340136054424,160.07819047619046,0.40184134054685605,1,1,1
output_photos/images\img_0171.jpg,69.40795965041248,49.99773369040624,0.09322878379482154,185.59204034958753,0.38956640056025443,1,15,15
output_photos/images\img_0172.jpg,140.11682594135425,67.86482776114251,0.016687086498407253,114.88317405864575,0.34559422110068205,3,3,3
output_photos/images\img_0173.jpg,95.08769097222222,54.58355581408033,0.11858024691358025,159.91230902777778,0.39372963954286644,1,8,8
output_photos/images\img_0174.jpg,115.06642857142857,62.95901844224769,0.2543627450980392,139.93357142857144,0.47127234346546376,0,1,1
output_photos/images\img_0175.jpg,63.01469878410371,60.46166971817261,0.12013775561020831,191.9853012158963,0.4444253314080874,2,1,3
output_photos/images\img_0176.jpg,123.94466607660122,59.34621430513219,0.09416800772449307,131.0553339233988,0.37063580465246837,1,11,14
output_photos/images\img_0177.jpg,119.8657671009772,56.17319575445422,0.09820684039087949,135.1342328990228,0.365732263700036,1,3,4
output_photos/images\img_0178.jpg,86.49949937649617,57.19850788081525,0.23351355779470795,168.50050062350383,0.4680862511028616,0,9,13
output_photos/images\img_0179.jpg,72.28366699611557,54.50334841248564,0.049934493299928745,182.71633300388442,0.380479218635619,1,1,1
output_photos/images\img_0180.jpg,89.23218299514927,45.48593916250048,0.05215549634487941,165.7678170048507,0.3352023446340392,1,2,2
output_photos/images\img_0181.jpg,51.946958333333335,52.052783938500966,0.10001458333333334,203.05304166666667,0.4162586968986747,1,4,4
output_photos/images\img_0182.jpg,111.35749083719136,66.48795283417797,0.2085035686728395,143.64250916280864,0.4637596986679623,0,6,6
output_photos/images\img_0183.jpg,128.32742131803164,65.31076413012121,0.0756564075812902,126.67257868196836,0.37746792045913713,3,1,2
output_photos/images\img_0184.jpg,76.06005661596716,64.37550118798278,0.07240381202042544,178.93994338403286,0.42159660915335606,1,4,4
output_photos/images\img_0185.jpg,145.3190155011241,76.70604617302982,0.18535357672737865,109.68098449887589,0.4549859639832311,2,4,6
output_photos/images\img_0186.jpg,100.41210609786931,55.29078217457739,0.15489461465970994,154.5878939021307,0.4092972807214597,0,7,12
output_photos/images\img_0187.jpg,92.29215022346013,62.10956920172995,0.18836186887305098,162.7078497765399,0.45671262918365835,0,5,8
output_photos/images\img_0188.jpg,107.21679420665802,69.31471195183192,0.11844790315607437,147.78320579334198,0.43217605415194194,2,4,6
output_photos/images\img_0189.jpg,91.09802637123528,53.145123500040135,0.12214126462408348,163.90197362876472,0.39437526105311743,1,3,4
output_photos/images\img_0190.jpg,106.98501770386754,62.83549035387552,0.1883937267323849,148.01498229613247,0.44543367573035597,0,3,3
output_photos/images\img_0191.jpg,62.00991644965278,60.87199319495685,0.04380642361111111,192.9900835503472,0.4085890637745523,1,7,7
output_photos/images\img_0192.jpg,41.31870238095238,48.06365044676242,0.056470238095238094,213.68129761904763,0.39093103373397486,1,5,8
output_photos/images\img_0193.jpg,65.61551039888653,52.34042402985154,0.10000670061645671,189.38448960111347,0.40443501952124095,1,8,9
output_photos/images\img_0194.jpg,53.865769115442276,44.73998067864025,0.06633733133433284,201.13423088455772,0.3728702064361103,1,6,6
output_photos/images\img_0195.jpg,113.7303115066666,44.737180789316454,0.05543694672155963,141.2696884933334,0.31137892017970725,1,6,6
output_photos/images\img_0196.jpg,73.75422260802469,46.66248544340519,0.012662037037037038,181.2457773919753,0.33392519378771784,1,5,8
output_photos/images\img_0197.jpg,111.85814710817951,69.06008110990771,0.13212986193031717,143.1418528918205,0.4338109230886342,2,1,3
output_photos/images\img_0198.jpg,152.61104362101312,69.96229814556939,0.07528142589118199,102.38895637898688,0.37029709325258536,3,2,2
output_photos/images\img_0199.jpg,88.22075992160373,62.678578136997565,0.0983369615342882,166.77924007839627,0.4174369890020183,1,11,11
output_photos/images\img_0200.jpg,99.85486949512469,69.70747114364494,0.17659346024961675,155.1451305048753,0.4694688916409069,2,13,13
output_photos/images\img_0201.jpg,72.90013550757924,41.55128824381472,0.07223549226764661,182.09986449242075,0.34720987295046524,1,24,24
output_photos/images\img_0202.jpg,203.45031472911006,75.70862090569318,0.07003253439198369,51.54968527088994,0.33953980189484523,3,0,0
output_photos/images\img_0203.jpg,205.0962829478214,79.21368071815833,0.037545051102743414,49.90371705217859,0.33362013872177304,3,2,3
output_photos/images\img_0204.jpg,211.32228221460068,71.51069068906253,0.046647721705046545,43.677717785399324,0.30626940999272756,3,1,2
output_photos/images\img_0205.jpg,198.34492450071096,77.3962973444766,0.05226275691571872,56.65507549928904,0.3411462231772207,3,2,2
output_photos/images\img_0206.jpg,198.4317113505387,78.24339310077045,0.045031320471059885,56.568288649461294,0.3403167019820257,3,2,3
output_photos/images\img_0207.jpg,204.6124325835877,78.90159079297406,0.044051531284683684,50.38756741641231,0.33626982248896314,3,2,2
output_photos/images\img_0208.jpg,75.81867063492064,62.6102918862757,0.14400396825396825,179.18132936507936,0.45164736781126713,2,6,7
output_photos/images\img_0209.jpg,106.57286265432099,58.737301520867966,0.16424189814814816,148.427137345679,0.41987111933572585,0,5,6
output_photos/images\img_0210.jpg,118.38665008880994,72.04385410142197,0.031484902309058614,136.61334991119006,0.3874780384756914,3,5,5
output_photos/images\img_0211.jpg,75.02790095255159,48.51255783137941,0.015299799934306788,179.9720990474484,0.3403144589089603,1,2,2
output_photos/images\img_0212.jpg,104.58634625527426,70.7907609153929,0.02529090849156118,150.41365374472574,0.3930560258058132,3,15,15
output_photos/images\img_0213.jpg,86.7940213957717,68.15305658154837,0.004221408099112426,168.2059786042283,0.39024576321489074,1,8,9
output_photos/images\img_0214.jpg,120.07100833333334,74.08157638362769,0.05186,134.92899166666666,0.4029867822317235,3,9,9
output_photos/images\img_0215.jpg,154.4919797411152,59.195738301705866,0.14748120276756535,100.50802025888481,0.3681915679596524,3,0,1
output_photos/images\img_0216.jpg,94.5795707070707,55.89009709833989,0.13564491064491063,160.4204292929293,0.40716021313061845,1,6,7
output_photos/images\img_0217.jpg,64.63469259259259,54.96429806346302,0.061037037037037035,190.3653074074074,0.39475004566219474,1,8,9
output_photos/images\img_0218.jpg,59.95637921712803,58.21733551096557,0.10233780276816609,195.04362078287198,0.4307907679238626,1,0,0
output_photos/images\img_0219.jpg,84.76313473183392,66.28012568260696,0.09715614186851211,170.23686526816607,0.4322740969570672,2,0,0
output_photos/images\img_0220.jpg,76.11278817041523,64.67824739053418,0.09190581747404844,178.88721182958477,0.43232305533052745,2,0,0
output_photos/images\img_0221.jpg,78.94561563670412,58.16663332141349,0.09078651685393259,176.05438436329587,0.40707007834335285,1,0,2
output_photos/images\img_0222.jpg,93.13421930473373,53.52491842453189,0.07644193786982248,161.86578069526627,0.3709053847923211,1,0,4
output_photos/images\img_0223.jpg,95.1176926775148,55.51281692843653,0.059272559171597634,159.8823073224852,0.3671932726008471,1,0,1
output_photos/images\img_0224.jpg,91.5357073201621,53.45648362123502,0.08949721377912867,163.4642926798379,0.37869753490328273,1,2,2
output_photos/images\img_0225.jpg,125.37759759312215,75.4014987629825,0.18365018303076594,129.62240240687785,0.4683829974492865,2,0,0
output_photos/images\img_0226.jpg,139.2660528233151,71.28676809302266,0.08105768063145112,115.7339471766849,0.3901591197585075,3,0,1
output_photos/images\img_0227.jpg,110.70760582822086,78.49556107455405,0.1342208588957055,144.29239417177914,0.46787248712403284,2,0,0
output_photos/images\img_0228.jpg,113.95351577417823,55.91177796755833,0.1575694632028987,141.04648422582176,0.4000623830881165,0,0,0
output_photos/images\img_0229.jpg,111.23954675434756,57.777567935937356,0.17480602464628023,143.76045324565246,0.417536583304726,0,0,0
output_photos/images\img_0230.jpg,121.12314291303011,76.03106246215576,0.15646568988161216,133.8768570869699,0.4609038861945971,2,0,0
output_photos/images\img_0231.jpg,131.26502202889372,59.470060866177114,0.19877700053092895,123.73497797110628,0.4165078647597015,0,0,0
output_photos/images\img_0232.jpg,70.04382819622896,68.33367829783515,0.1104266746347331,184.95617180377104,0.4596375371580752,2,0,0
output_photos/images\img_0233.jpg,109.91224303505062,59.60280994516785,0.17336227051295186,145.0877569649494,0.4242354887380466,0,0,0
output_photos/images\img_0234.jpg,124.75178606358106,70.71355818985302,0.17246341713317,130.24821393641895,0.4475066339101982,2,0,0
output_photos/images\img_0235.jpg,107.28131838905774,61.97673975209025,0.061580547112462004,147.71868161094227,0.3788428774066739,1,0,2
output_photos/images\img_0236.jpg,136.99103214285714,64.11738705802793,0.16895357142857143,118.00896785714286,0.4119680007756671,0,0,0
output_photos/images\img_0237.jpg,120.39879867986798,62.14532392099585,0.20036303630363037,134.60120132013202,0.4365271690466742,0,0,0
output_photos/images\img_0238.jpg,155.53313292980434,47.23839606442342,0.08116853290326533,99.46686707019566,0.2935850239932596,3,0,0
output_photos/images\img_0239.jpg,99.98144166666667,64.55627058818477,0.13372916666666668,155.01855833333332,0.4304814137119535,2,1,1
output_photos/images\img_0240.jpg,75.86531195934256,58.001014477251644,0.07329801038062284,179.13468804065744,0.40064828589370893,1,0,1
output_photos/images\img_0241.jpg,173.52572421652422,88.62604301912417,0.07092763532763532,81.47427578347578,0.4117215685211048,3,0,3
output_photos/images\img_0242.jpg,104.83277601318939,55.497681811762305,0.18050186756583053,150.1672239868106,0.41866363518700345,0,0,0
output_photos/images\img_0243.jpg,97.4590126641651,65.15198200410093,0.1559779549718574,157.5409873358349,0.4459832230070598,2,0,1
output_photos/images\img_0245.jpg,147.71964479166667,58.881632675921615,0.14016354166666667,107.28035520833333,0.369808211904369,3,1,2
output_photos/images\img_0246.jpg,122.74875883717247,67.13696210535448,0.15592544639946349,132.2512411628275,0.4290056168250465,2,0,0
output_photos/images\img_0247.jpg,123.78542676211454,60.949244895811766,0.06933094713656388,131.21457323788547,0.36379259193540725,3,0,0
output_photos/images\img_0248.jpg,107.61128730536332,72.51982429773066,0.1413435337370242,147.3887126946367,0.4541039702426224,2,0,0
output_photos/images\img_0249.jpg,95.704775,57.15274166389023,0.103134375,159.29522500000002,0.3941258479606625,1,4,5
output_photos/images\img_0250.jpg,121.99877119685426,69.43893155261678,0.13298835822797483,133.00122880314575,0.4260312296944764,2,0,0
output_photos/images\img_0251.jpg,97.11326876876876,61.94491464976606,0.15192792792792792,157.88673123123124,0.43342586300756814,0,1,2
output_photos/images\img_0252.jpg,100.79219502719502,57.366059303247596,0.11987130924630925,154.20780497280498,0.39845470775886727,1,0,0
output_photos/images\img_0253.jpg,148.81993283589708,84.62147331096882,0.1180781675836234,106.18006716410292,0.4448652903606432,2,5,5
output_photos/images\img_0254.jpg,118.17395100955471,54.88915397074768,0.1539358111491697,136.8260489904453,0.39083375018264044,0,0,0
output_photos/images\img_0255.jpg,128.8197732033225,64.54883746641488,0.0962824124232575,126.18022679667749,0.3847409656207205,3,0,1
output_photos/images\img_0256.jpg,83.65890740740741,55.40858228118799,0.10197407407407408,171.3410925925926,0.39891631241613673,1,12,14
output_photos/images\img_0257.jpg,109.77107946026986,58.06756133457397,0.05314542728635682,145.22892053973015,0.35906236129489194,1,0,5
output_photos/images\img_0258.jpg,133.1351219512195,60.221882571306935,0.22165853658536586,121.8648780487805,0.42874319273228706,0,3,4
output_photos/images\img_0259.jpg,116.52744166666666,62.533036266702325,0.2297472222222222,138.47255833333332,0.45615515898342573,0,0,0
output_photos/images\img_0260.jpg,81.35309808565226,71.86039314719507,0.03908348134991119,173.64690191434772,0.4253187286550316,2,2,2
output_photos/images\img_0261.jpg,133.61591104118992,63.32039367707693,0.18320223112128148,121.38408895881008,0.41955352383892625,0,6,7
output_photos/images\img_0262.jpg,98.07237487582225,42.90972044931507,0.2741308875184565,156.92762512417775,0.42919533132124743,0,0,0
output_photos/images\img_0263.jpg,125.79387332520584,66.14239397078865,0.07784551696996511,129.20612667479418,0.383748883490094,3,22,22
output_photos/images\img_0264.jpg,80.97381125541125,71.19070995768708,0.0825090909090909,174.02618874458875,0.4451196518229372,2,2,2
output_photos/images\img_0265.jpg,115.30871660499076,68.11493341117183,0.13163782073382826,139.69128339500924,0.4271359274334148,2,0,0
output_photos/images\img_0266.jpg,146.41043833333333,60.83320512166468,0.16146666666666668,108.58956166666667,0.388291248081583,0,1,2
output_photos/images\img_0267.jpg,102.93674804998237,62.716011814968866,0.20096289734923733,152.06325195001762,0.4551028975565735,0,2,2
output_photos/images\img_0268.jpg,135.1688380915638,72.84935726667013,0.09750257201646091,119.8311619084362,0.4075058284901212,2,0,4
